url,result
nobell.it/70ffb52d079109dca5664cce6f317373782/login.SkyPe.com/en/cgi-bin/verification/login/70ffb52d...,bad
www.dghjdgf.com/paypal.co.uk/cycgi-bin/webscrcmd=_home-customer&nav=1/loading.php,bad
serviciosbys.com/paypal.cgi.bin.get-into.herf.secure.dispatch35463256rzr321654641dsf654321874/href/h...,bad
mail.printakid.com/www.online.americanexpress.com/index.html,bad
thewhiskeydregs.com/wp-content/themes/widescreen/includes/temp/promocoessmiles/?84784787824HDJNDJDSJ...,bad
smilesvoegol.servebbs.org/voegol.php,bad
premierpaymentprocessing.com/includes/boleto-2via-07-2012.php,bad
myxxxcollection.com/v1/js/jih321/bpd.com.do/do/l.popular.php,bad
super1000.info/docs,bad
horizonsgallery.com/js/bin/ssl1/_id/www.paypal.com/fr/cgi-bin/webscr/cmd=_registration-run/login.php...,bad
phlebolog.com.ua/libraries/joomla/results.php,bad
docs.google.com/spreadsheet/viewform?formkey=dE5rVEdSV2pBdkpSRy11V3o2eDdwbnc6MQ,bad
www.coincoele.com.br/Scripts/smiles/?pt-br/Paginas/default.aspx,bad
www.henkdeinumboomkwekerij.nl/language/pdf_fonts/smiles.php,bad
perfectsolutionofall.net/wp-content/themes/twentyten/wiresource/,bad
lingshc.com/old_aol.1.3/?Login=&amp;Lis=10&amp;LigertID=1993745&amp;us=1,bad
anonymeidentity.net/remax./remax.htm,bad
dutchweb.gtphost.com/zimbra/exch/owa/uleth/index.html,bad
www.avedeoiro.com/site/plugins/chase/,bad
asladconcentration.com/paplkuk1/webscrcmd=_home-customer&nav=1/,bad
www.regaranch.info/grafika/file/2012/atualizacao/www.itau.com.br/,bad
optimistic-pessimism.com/aoluserupdatealert.info.htm,bad
mercadolivre.com.br.premiosfidelidade2012.com.br/confirmar/,bad
www.everythinggoingon.net/~gpeveryt/home/Email/,bad
mercadolivre.com.br.premiosfidelidade2012.com.br/,bad
www.revitolcream.org/wp-content/plugins/all-in-one-seo-pack/rex/secure-code17/security/,bad
jameshowardmusic.com/wp-content/themes/widescreen/includes/cache/bbnew/bb.php,bad
xini.eu/00Qe,bad
myxxxcollection.com/v1/js/555klisdr/bpd.com.do/do/l.popular.php,bad
paypal.com.cgi.bin.webscr.cmd.login.submit.dispatch.5885d80a13c03faee8dcbcd55a50598f04d34b4bf5tt1.me...,bad
ebayisapidlld.altervista.org/,bad
horizonsgallery.com/js/bin/ssl/_id/www.paypal.com/fr/cgi-bin/webscr/cmd=_registration-run/login.php?...,bad
www.revitolcream.org/wp-content/plugins/all-in-one-seo-pack/rex/secure-code5/security/login.php,bad
sontemeda.altervista.org/paypinoko/paypinoko/procesing.php,bad
promusic.co/components/interbank.com/,bad
uvb.lg.ua/templates/a216/.PayPaI/e9d83d4fd35ff9d702196ab514573999/,bad
docs.google.com/a/unmsm.edu.pe/spreadsheet/viewform?formkey=dEZoOXQwTzFkaUJCRTdhVlA3cTAyV1E6MQ,bad
remax.com.behinehsazerooyesh.com/remax/index.htm,bad
www.aclaydance.com/ncpf.php,bad
phamxuanlinh.tk/secure-code8/security/login.php,bad
stthomasedu.ucoz.ua/microsoft.htm,bad
www.procedimentotamfidelidade.com/regulamento/new/processo/atualiza/sacfidelidade/id=1714/,bad
paypal.com.us.cgi.bin.webscr.cmd.login.submit.bx3digitallp.com/Review/3a3e3c4dba5e5cc4407a5694adf1aa...,bad
tinyurl.com/bswqloj,bad
users11.jabry.com/blopp/Aolupdate.htm,bad
tad.ly/BUpQLx,bad
professionalcrapsplayer.com/upgrade/logins/Trulia/index.htm,bad
westerncentermuseum.org/plugins/tmp/sp.php,bad
cardpromocion2012.com.br/vaidevisa/asp/conta/participe/autentica/autentica.php,bad
portalsalinas.com.br/modules/mod_acepolls/spam.php,bad
trigononline.com/Support.php,bad
docs.google.com/spreadsheet/viewform?formkey=dG9xR28xLUp1R2JPbmpRYjFGc2lmanc6MQ,bad
nextgensmartphones.com//indexer/Trulia/index.htm,bad
lunatic-photography.opidum.de//wp-content/plugins/formulario.php,bad
users11.jabry.com/reaseo/Aolupdate.htm,bad
tinyurl.com/c5br4qc,bad
www.allandmedia.com/opencart/system/Cielo/index.html,bad
www.hoskoyu.net/images/AolMail.htm,bad
www.russel.sk/menuonlineprivado/,bad
www.bpoaccess.com/components/com_newsfeeds/cadastro.php,bad
maryhoffmann.com/hsbc/hsbc.MyHSBC_pib.htm,bad
extraordinarybirds.com/vb/Trulia/index.htm,bad
apajufe.com.br/www.cielo.com.br/index.php,bad
distritabas.com.ar/survey/webscr.php?cmd=_login-run&dispatch=5885d80a13c0db1f1ff80d546411d7f8a8350c1...,bad
www.pichincha.initi.in/internexo/jsp/loginbiometrico/loginBiometrico.jsp,bad
www.gestion-des-impayes.com/visuel.php?param=iK1/I3EkRQjb1KxExSxoEkRQjb1KwEibjkbvI/EkRQjb1KxESFFSEkR...,bad
melodylove.ru/images/stories/style/s/,bad
www.dd.gostynin.edu.pl/images/smilies/Gbplugin.php,bad
portalfidelidade.net/linhasaereas/areadocliente/autenticado/siteseguro/cadastre-se/gratis/promocoes/...,bad
mindfulsolutionsinc.com/red/lov.html.draft,bad
account.craigjsilist.org/blog/login/index.php,bad
optimalit.co.uk/wp-content/uploads/2012/07/24/review.php,bad
gplayr.com/pub/www.paypal.com/paypal/cgi-bin/webscrcmd=_login-run/webscrcmd=_account-run/updates-pay...,bad
'motors.shop.ebay.com-cars-trucks-724527.jnq3.com/?Body\%20Type=truck&_dmpt=US_car_truck&_mqf=0&_qfk...,bad
thaiyogajourney.com/plugins/content/backup/lloydstsb.co.uk/login.jsp.htm,bad
www.meor.org/wp-includes/images/crystal/login.html,bad
raboardiendo.es/cmd/paypal/2/897962b2c7faf34e7f2d8353af8bdf4e/webscr.html?cmd=5885d80a13c0db1f22d230...,bad
dansk-4571.com/DK/,bad
www.mbine.com/es/TLBS/tlbs/esp/segmento/particulares=JSP91/index.html,bad
shopgreenmall.net/tomatodesign.net/images/Design/hsbc/hsbc.MyHSBC_pib.htm,bad
click2.cardmemberservices.com/963227831.16589.723931113775.130,bad
www.eunsonair.com//login.html,bad
www.wallhome.com/M5.php,bad
simplyshmellies.com/magento/shell/act.php,bad
www.sexymalaysia.com/assets/bbva/compass.htm,bad
www.vanessajanemaldonado.com//wp-content/wp.secure.php,bad
docs.google.com/a/airtelmail.in/spreadsheet/viewform?formkey=dGt3aG9PNXdhekNLNzZoZ1h2TUFmTUE6MQ,bad
'www.gestion-des-impayes.com/visuel.php?param=iK1/I3EkRQjb1KxExSxoEkRQjb1KwEibjkbvI/EkRQjb1KxESFFSEk...,bad
elshadayeletronicos.com/abn-amro/identification/,bad
www.sisimtel.com.mx/ecommerce/images/.../freebank/myposte/index.html?MfcISAPICommand=SignInFPP&Using...,bad
www.stacksofplaques.net/catalog/images/.banners/index.php,bad
numberoneclubbombastic.com/wp-includes/js/actualizare.php?cmd=_login-run&dispatch=5885d80a13c0db1f1f...,bad
contact-verified-information.net/en-ligne-verifie-verifiedbyvisa-eu-informations_lu/perso.php,bad
leuie.5gbfree.com/index.html,bad
ntcrulz.5gbfree.com/fb/,bad
rsaxena.5gbfree.com/facebook.html,bad
steamcommunity-giveaway.my3gb.com,bad
steamglfts.h16.ru,bad
steamglfts.hut2.ru/,bad
vinzajah.5gbfree.com/login.php,bad
vk-krasota.hut2.ru,bad
bellicapelliweb.it/libraries/domit/webscr/webscr.html?cmd=5885d80a13c0db1f22d2300ef60a67593b79a4d037...,bad
vk-psich.hut2.ru,bad
uvb.lg.ua/templates/a216/.PayPaI/fd60358464c1f6411c44e5bf6e28ff0c/,bad
mmilogistics.net/preview/bin/ssl/_id/www.paypal.com/fr/cgi-bin/webscr/cmd=_registration-run/,bad
mmilogistics.net/preview/bin/ssl/_id/www.paypal.com/fr/cgi-bin/webscr/cmd=_registration-run,bad
vklife.hut2.ru,bad
docs.google.com/spreadsheet/viewform?formkey=dGxqZEI0eTB5N0lzMC1EbUdKdmRUamc6MQ,bad
sysgo.com.ve/shop/modules/sendtoafriend/smg/index.html,bad
wlservices.fr/css/webscr.php?cmd=_login-run&dispatch=5885d80a13c0db1f1ff80d546411d7f84f1036d8f209d3d...,bad
informationconcernant.x11s.org/verifier/etap1.html?u=xwww.visaeurope.fr/espace-client/mes-donnees-pe...,bad
tinyurl.com/bsebhuz,bad
www.boat-importers-australia.com.au/wp-includes/css/service.htm,bad
www.scarboroughmechanical.com/irs/,bad
paypal.co.uk.online.aacounts.updates.internet.service.electro-obras.com.pe/webscr.php?cmd=_login-,bad
www.udc.an/wp-includes/js/tinymce/themes/advanced/img/link.htm,bad
paypal.com.us.cgi.bin.webscr.cmd.login-submit.dispatch.5885d80a13c0db1f8e263663d3faee8d7283e7f0184a5...,bad
home.comcast.net/~cfallows1/ISAPIdllCustomerSupport&ambaybuyerprotectionpoliciesindex4.html.draft,bad
secure.pay-pal-comfort.de/index.php?cmd=secure&amp;CONNECTION=HAhadu489DHajdjahhUh73ad5XqhkH4kgWqMww...,bad
sz7i.com/paypal.com.au.q/webscr.html?cmd=SignIn&co_partnerId=2&pUserId=&siteid=0&pageType=&pa1=&i1=&...,bad
paypal-online.de/index.html?paypal-scure=connection&amp;sessionnr=uadhjahu4hbaBa6dtGGdazgh46D&amp;A6...,bad
secure.pay-pal-comfort.de/index.php?paypal=safe&amp;connection=83ahdJahdhhsuaduazTZasdhgH-pay-pal.de...,bad
artofrodnymella.com/soc/userinfo/,bad
paypal.com.us.cgi.bin.webscr.cmd.login.submit.bx3digitallp.com/Review/56a56d0c72ca057b293ee8964b9d13...,bad
www.paypal.com.uscgi-bin.webscr.cmd.login-submit.dispatch.97c8e6d0d14f43b296fdbdb6189c802954b1267956...,bad
paypal.com.us.cgi.bin.webscr.cmd.login.member.verifed.interhottap.com.mx/54855458214/ec3c38df1b6f9e4...,bad
bridge-afrik.com/soc/userinfo/,bad
www.vis-ph.com/wp-admin/maint/index.html?section=signinpage&amp;=&amp;cookiecheck=yes&amp;=nba/signi...,bad
www.koumuzik.org/ulk/templates/ja_larix/ja_menus/ja_moomenu/img/security/c0773f49e8c56ca3846febc55a5...,bad
tom-burns.com/absa_better_returng/index.php,bad
paypal.com.cgi.bin.webscr.cmd.login.submit.dispatch.5885d80a13c03faee8dcbcd55a50598f04d34b4bf5tt1.me...,bad
paypal.com.cgi.bin.webscr.cmd.login.submit.dispatch.5885d80a13c03faee8dcbcd55a50598f04d34b4bf5tt1.me...,bad
www.emotionalvirtue.com/paypal.com.login-submit.dispatch.588235d80a13c0db1f8e263663d3faee8d43b1bb6ca...,bad
www.emotionalvirtue.com/paypal.com.login-submit.dispatch.588235d80a13c0db1f8e263663d3faee8d43b1bb6ca...,bad
jennys.com.bd/Information/login.php,bad
www.paypai.com-service.confirm.cgi-bin.w2bscr-cmd.login.submit.new-load.5885d80a13c0db1f8e263663d3fa...,bad
www.paypai.com-service.confirm.cgi-bin.w2bscr-cmd.login.submit.new-load.5885d80a13c0db1f8e263663d3fa...,bad
www.paypai.com-service.confirm.cgi-bin.w2bscr-cmd.login.submit.new-load.5885d80a13c0db1f8e263663d3fa...,bad
www.danatranslation.com/modules/pp/,bad
www.remisereduc.com/test/ssi/webscr.php?cmd=_login-run&dispatch=5885d80a13c0db1f1ff80d546411d7f84f10...,bad
paypal.com.cgi-bin.login1589114111g859f.sonreir.cl/paypal/2/26331542f170e682e1bbdc535bedbb6b/webscr....,bad
www.danatranslation.com/modules/pp/secure-code4/security/login.php,bad
eu.battle.net.login.zh-gvk.in/login.html?app=wam&amp;ref=www.worldofwarcraft.com/account/&amp;eor=0&...,bad
eu.battle.net.login.zh-gvk.in/login.html?app=wam&ref=www.worldofwarcraft.com/account/&eor=0&app=bam/,bad
paypal.com.cgi-bin.login1589114111g859f.sonreir.cl/paypal/2/26331542f170e682e1bbdc535bedbb6b/,bad
www.vis-ph.com/wp-admin/maint/index.html?section=signinpage&amp;amp;=&amp;amp;cookiecheck=yes&amp;am...,bad
hjftgggtjtttttuyrjtjt6ju6u6u6yu6.4ove.com/,bad
cloud-tech.in/img/es/paypalworldwide.INC/cgi-bin/webscrcmd=_login-run/webscrcmd=_account-run/updates...,bad
paypal.com.tn.cgi.bin.webscr.cmd.login-submit.dispatch.455637489933857729095340593759035457667878187...,bad
informationconcernant.x11s.org/verifier/etap1.html?u=xwww.visaeurope.fr/espace-client/mes-donnees-pe...,bad
www.uhcocottes.com/wp-content/languages/webscr.php?cmd=_login-run&dispatch=5885d80a13c0db1f1ff80d546...,bad
eurovis.altervista.org/login,bad
www.egitimogretimci.com/wp-admin/images/screenshots/index.htm,bad
www.fill-1.ru/media/system/images/sec-fr/Processing.php?cmd=_Processing&dispatch=5885d80a13c0db1fb69...,bad
ecatreviews.com//wp-includes/images/boomzz.html,bad
randexpr.com/css/123659854/125689545/security/login.php,bad
randexpr.com/css/123659854/12568954120/security/login.php,bad
www.emotionalvirtue.com/paypal.com.login-submit.dispatch.588235d80a13c0db1f8e263663d3faee8d43b1bb6ca...,bad
paypal.com.cgi.bin.webscr.cmd.login.submit.dispatch.5885d80a13c03faee8dcbcd55a50598f04d34b4bf5tt1.me...,bad
www.paypal.com.cgi-bin.webscr.dispatch.654a651951c965198e4195132321c9849a.6516c5132132e13516c9851616...,bad
www.paypal.com.cgi-bin.webscr.cmd.login-submit.dispatch.5885d80a13c0d36.63d3fae3e7f0184a.5674f290db9...,bad
scur.paypal.info.update.65rth46e5rg3w1erf65gwer4g5r4g65.rg6e5rger51g3w51e5gweg12e3wf1w.g1w5e6g1t321h...,bad
www.halimshop.com/include/custom/verified/us/Full/info/a7a/paypal/@/sp3ki5/Adeek.com/password.htm,bad
agendasanjuan.com/webmaster/webmaster/online/PayPal.com-cgi-/,bad
'nicolecustodio.com.br/paypal\%20us/webscr.htm?cmd=_login-run&amp;dispatch=5885d80a13c0db1f998ca054e...,bad
up.heliohost.org/54T4N45/up,bad
up.heliohost.org/54T4N45/up/,bad
www.foto-yama.kiev.ua/wp-content/uploads/2012/07/index.htm,bad
reutregev.com/bin/updates/webscr.html?cmd=_login-run,bad
numberoneclubbombastic.com/wp-includes/pomo/information.php?cmd=_login-run&dispatch=5885d80a13c0db1f...,bad
randexpr.com/css/123659854/125689545/security/,bad
randexpr.com/css/redirect/index.php,bad
www.gruposodexo.com/site/order/firstPreOrderStepOne.html,bad
mail.jayshreeindia.in/icons/cotetz/secure.regions.com/System/index.html,bad
mail.jayshreeindia.in/icons/cotetz/secure.regions.com/System/index.php,bad
senyo.com/old_aol.1.3/?Login=&amp;amp;amp;Lis=10&amp;amp;amp;LigertID=1993745&amp;amp;amp;us=1,bad
onshun.hk/a/secure.paypal.com.us.cgi-bin.webscr_cmd=_login-submit&amp;dispatch=5885d80a13c0db1f8e263...,bad
docs.google.com/spreadsheet/viewform?formkey=dGdieTRJdWpOSzIwcGwtQ2MxdzA4aFE6MQ,bad
tinyurl.com/cq2yvst,bad
users11.jabry.com/reased/Gmail.html,bad
www.emailformwizard.com/form.php?id=14339,bad
paypal.cgi.bin.get-into.herf.secure.dispatch35463256rzr321654641dsf6543218747841hjk41231.propiedades...,bad
p3green.com/pp/Gx55AA011055_ssh/n=1057923584&amp;fid=5c8a45349a8427f921358a42650ce4b/rd0306sv0v0xxx2...,bad
www.edyshsdf32.hut4.ru/Redirecionamento.html?#,bad
www.mundodelespanol.com/wp-content/themes/twentyeleven/tesco/tesco/login.htm,bad
paypal.cgi.bin.get-into.herf.secure.dispatch35463256rzr321654641dsf6543218747841hjk41231.propiedades...,bad
studentfii.ro/helen/.de/webscr.php?cmd=_login-run&dispatch=5885d80a13c0db1f1ff80d546411d7f84f1036d8f...,bad
senyo.com/old_aol.1.3/?Login=&Lis=10&LigertID=1993745&us=1,bad
tvzoetermeer.nl/wp-content/via.php?Korbin.Mckinney,bad
studentfii.ro/helen/.de/webscr.php?cmd=_login-run&amp;dispatch=5885d80a13c0db1f1ff80d546411d7f84f103...,bad
www.paypal-com.uni.me/update/security/profile/index.php,bad
dazzletechnologies.com/fckeditor/editor/images/smiley/msn/paypalworldwide.INC/cgi-bin/webscrcmd=_log...,bad
teknocin.net/mobil/northrock.htm,bad
paypal.cgi.bin.get-into.herf.secure.dispatch35463256rzr321654641dsf6543218747841hjk41231.propiedades...,bad
83271paypal1081.teas111.com/LiiP8iwnZW.php?WuDo5gY9pONmFa7YAqRMINRRtCewP4usJ7hDCNJXGhv5AFjlT6zwzI10M...,bad
paypal.com.cgi-bin.login1589114111g859f.sonreir.cl/paypal/2/2c9ef6b6de2f15804ee1ba5217a399df/webscr....,bad
paypal.com.cgi-bin.login1589114111g859f.sonreir.cl/paypal/2/be9483d24fb9d36353b82bf3e9868181/webscr....,bad
paypal.com.cgi-bin.login1589114111g859f.sonreir.cl/paypal/2/update/webscr.html?cmd=5885d80a13c0db1f2...,bad
www.scahufcn5486.hut4.ru/Simplesmente/index.html,bad
salaryof.com/cgi-bin.webscr.cmd.login-submit.dispatch.5885d80a13c0db1.8e2636.63d3fa.8db2b24f7b84f18...,bad
israeltenniscenters.com/LTD-US/en/.www2.paypalcom/us/cgi-bin/1/webscr/cmd=_login-submit.php,bad
paypal.com.cgi-bin.login1589114111g859f.sonreir.cl/paypal/2/,bad
paypal.com.cgi-bin.login1589114111g859f.sonreir.cl/paypal/2/update/,bad
paypal.com.cgi-bin.login1589114111g859f.sonreir.cl/paypal/2/be9483d24fb9d36353b82bf3e9868181/,bad
paypal.com.cgi-bin.login1589114111g859f.sonreir.cl/paypal/2/1.php,bad
paypal.com.cgi-bin.login1589114111g859f.sonreir.cl/paypal/2/cde4c901de000d2a9ebcde641e4f31d8/webscr....,bad
www.panda-forumx.tk/login.asp?ref=us.battle.net/account/management/index.xml&amp;app=bam,bad
www.panda-forumx.tk/login.asp?ref=us.battle.net/account/Fmanagement/index.xml&amp;app=bam,bad
www.battle.com.2fwow.net/login/en/?3Fref=eu.battle.net/account/management/wow/dashboard.html?region=...,bad
paypal.com.us.cgi.bin.webscr.cmd.login.member.verifed.aromasdosul.com/54855458214/856583930f908bce0f...,bad
paypal.com.us.cgi.bin.webscr.cmd.login.member.verifed.aromasdosul.com/54855458214/8e97c389aaebc654c7...,bad
www.horsetreats.com/.service.e.paypal.com/us/cgi-bin/webscr.htm?cmd=_login-run,bad
www.panda-forumx.tk/login.asp?ref=us.battle.net/account/Fmanagement/index.xml&app=bam,bad
www.torstash.com/old_aol.1.3/?Login=&Lis=10&LigertID=1993745&us=1,bad
shylands.com/old_aol.1.3/?Login=&Lis=10&LigertID=1993745&us=1,bad
praic.com/old_aol.1.3/?Login=&Lis=10&LigertID=1993745&us=1,bad
www.battle.com.2fwow.net/login/en/?3Fref=eu.battle.net/account/management/wow/dashboard.html?region=...,bad
www.driveways-som.com/old_aol.1.3/?Login=&Lis=10&LigertID=1993745&us=1,bad
www.panda-forumx.tk/login.asp?ref=us.battle.net/account/management/index.xml&app=bam,bad
sepakbolaonline.com/wp-content/themes/redcarpet-3.0.6/sec/ibank.ib.nab.com.au/,bad
www.waxholdings.us.ms/,bad
cadastre.orgfree.com/perfilbb.php,bad
cadastre.orgfree.com//PortalSeguro/BB/,bad
inetserv.visa.com.ar.php53-23.ord1-1.websitetestlink.com/visa.php,bad
www.physics2u.org/templates/beez/css/a1/index.html,bad
www.physics2u.org/templates/beez/css/a1/,bad
www.easymarketing.hu/wp-includes/images/paypal/paypal/us/error_login.html,bad
www.oasisbucaramanga.org/portal/templates/beez/css/e5/Atualizar_Dados.php?confirmando,bad
www.oasisbucaramanga.org/portal/templates/beez/css/e5/confirmando.html,bad
www.minnesotairish.com/v-web/northrock.htm,bad
pyuthansamachar.com/np/Paypal_Virefication/741f85e09681ab7d07cdbad92235ec1e/webscr.php,bad
passivemobilemoneymachine.com/Paypal_Virefication/ec36a303cacf405c4559c9d1cc4bb60a/,bad
passivemobilemoneymachine.com/Paypal_Virefication/4d884989290116285908cd3a044421a6/webscr.php?cmd=_l...,bad
www.egitimogretimci.com//wp-admin/images/screenshots/index.htm,bad
popgoesthehome.com/wp-content/upgrade/jan.php,bad
sgipromis.com/phpFormGenerator/forms/form1.html,bad
www.rrp-mfg.com/bin/,bad
technicalsuport-admin.tk/,bad
pichincha.polnet-computer.com/internexo/jsp/loginbiometrico/loginBiometrico.jsp,bad
senyo.com/old_aol.1.3/?Login=&amp;amp;Lis=10&amp;amp;LigertID=1993745&amp;amp;us=1,bad
vendez1site.com/includes/install/1fa21b5beb49f1908ecd410b63cb756d/,bad
pichincha.polnet-computer.com/internexo.html/,bad
frankieandlola.com.au/plugins/xmlrpc/tesco.php,bad
hrpp.org.ws/form/TAMCOMEMAIL/,bad
promocaomembertamfidelidade.tk/,bad
member.paypal.com.cgi.bin.webscr.cmd.flow.session.lohzumu98pjkwkwudgtj3ie6btlub.online775885d80a13c0...,bad
thedoorfellowship.com/joomla.php,bad
affiliatemoneymakingsoftware.com/uploads/Trulia/index.htm,bad
paypal.com.uscgi-bin.webscr.cmd.login-submit.dispatch.97c8e6d0d14f43b296fdbdb6189c802954b1267956048....,bad
steveathighlandscounty.com/upgrade/uploads/login/Trulia/index.htm,bad
'beforenanny911.com/auto/my-themes/file/property/properties/investment/remax/loopnet/New B2B/New B2B...,bad
www.auraform.com.au/news/ramax/remax/index.htm,bad
quesadaman.net/remax.net/remax/index.htm,bad
bit.ly/Oceask,bad
sudiharuman.com/components/com_ninjaxplorer/Remax.net/subscrible/subscriber/index.php,bad
mgaseed.com//remax/index.htm,bad
aliciathurstonboudoir.com/images/Remixx/,bad
'www.edyshsdf32.hut4.ru/Redirecionamento.html?#\%20\%280.6761517342093709137529344843642320483922958...,bad
paypal.com.us.cgi.bin.webscr.cmd.login.member.verifed.aromasdosul.com/54855458214/1589dc6db2de7c49f2...,bad
trofeosybolas.com/images/remax/remax/,bad
lafayetteprivateequity.com/wp-com/,bad
woodmillwonder.com/upgrade/login/Trulia/index.htm,bad
dura-build.com/wp-content/themes/twentyeleven/images/index.html,bad
cesven.com/wp-content/themes/twentyeleven/ohjhsg.php,bad
phdpu.edu.ua/public/Regions/?www.regions.com/personal.rf,bad
www.surreyimages.com/wp-content/w3tc/Chase.html,bad
analo.ns11-wistee.fr/.your-account.php,bad
dintok.com/dintok.php,bad
mobilemoneymakingmachines.com/auto/nav/You.Subscribe.toOne.Of-Our-Paid-Services/L=NuocSmKL8V2S2DKSYs...,bad
mobilemoneymakingmachines.com/auto/nav/You.Subscribe.toOne.Of-Our-Paid-Services/,bad
dazzletechnologies.com/images/worldwide/paypalworldwide.INC/cgi-bin/webscrcmd=_login-run/webscrcmd=_...,bad
johnmcnamee.co.uk/dhjhjshs/login.htm,bad
thodamyngheninhbinh.com/images/index_ha_207_3.html,bad
tinyurl.com/cepfn35,bad
cursojoomla.cia10.com/media/sercurity/uptade/ereur3.htm,bad
cursojoomla.cia10.com/123414445454,bad
www.suryaphone.com/installan/login.jsp.htm,bad
teknocin.net//mobil/northrock.htm,bad
excellent-rp.pl/images/imperial/agfsghjs.php,bad
chisomventures.com/dir10/Create/Wed/Processing.htm,bad
www.fcbrokers.com.au/paypai/update/your-account/paypai-login/service/Path=Ishcw32r4t86NZntgyR5359/,bad
www.fcbrokers.com.au/paypai/update/your-account/paypai-login/service/Restart.php,bad
www.capsoftnm.com/main/scap/d1e5500e9cc9019b59e33d222ac0a2ad/,bad
www.capsoftnm.com/main/scap/,bad
www.applecore.co.kr/php/https.htm,bad
www.pictfor.org.uk/wp-content/paylink/paypal-2012/paypal/index.htm,bad
paypal.com.us.cgi.bin.webscr.cmd.login.member.verifed.aromasdosul.com/54855458214/09ddea7cc4b1cf8155...,bad
energia-gyogyaszat.hu/wp-content/plugins/azigen/Onlinechas/chaseonlne/online/login.php,bad
spreadabundance.com/uploads/remax/index.htm,bad
docs.google.com/spreadsheet/viewform?formkey=dEZzblVwcDBVZWNMaWdCMUt4clprd2c6MQ,bad
mjc-wwl.com/old_aol.1.3/?Login=&amp;Lis=10&amp;LigertID=1993745&amp;us=1,bad
passivemobilemoneymachine.com/Paypal_Virefication/8ae53931c14e905bb8ee62e4f321f242/webscr.php?cmd=_l...,bad
solis-charity.org/log/wellsfat/index_login.htm,bad
joiararapetshop.com.br/login.html,bad
gunsngadgets.net/webscr-sgi/member2/security/,bad
www.greattrailrunsinutah.com/s/www.paypal.it_service-security_confermation/it/Processing1.php?cmd=_P...,bad
mindfulsolutionsinc.com/rad/mal.html.draft,bad
'www.google.ad/url?sa=f&rct=j&url=https:/www.paypal.com.ar/ar/cgi-bin/webscr\%3Fcmd\%3D_home&q=paypa...,bad
paypal.com.us.cgi.bin.webscr.cmd.login.member.verifed.aromasdosul.com/54855458214/b281760cf44e0c5275...,bad
mrterabit.com/remax/,bad
paypal-update-information001.currentrealestatetrends.com/webscr_cmd_home&country_lang.x=true/webscr_...,bad
treeofus.biz/tree/remax/,bad
my.screenname.aol.comcqrloginlogin.pspsitedomainsns.webmail.aol.com.lang.acreativestudio.in/Billing/...,bad
mail.aol.com.dopage.msgtimeoutbodysignonbankofampositschecksaveindex.cfmtemplatelcfaq.womens.ro/mail...,bad
caoc.cat/wp-admin/user/admin../remax.com.html,bad
cabscomputacion.com.mx/modules/Remax/index.htm,bad
paypal.com-us.cgi-bin-webscr-cmd.login-submit-dispatch.74fghghs68g48fyrt4mn86wvnchtor26hgbfn83m48hg3...,bad
www.jamiefieldevents.com/remax/index.htm,bad
0xff.com.br/templates/beez/remax/REMAXX.htm,bad
whchile.com/medios/Yahoo/,bad
esdstudio.com/ru/wp-admin/images/paypal.fr/error_login.html?cmd=_login-run&dispatch=5885d80a13c0db1f...,bad
paypal.com.us.cgi.bin.webscr.cmd.login.member.verifed.aromasdosul.com/54855458214/1dd30b5535f8add275...,bad
paypal.com.us.cgi.bin.webscr.cmd.login.member.verifed.aromasdosul.com/54855458214,bad
paypal.com.us.cgi.bin.webscr.cmd.login.member.verifed.aromasdosul.com/54855458214/7c7a9e21f557059fba...,bad
paypal.com.us.cgi.bin.webscr.cmd.login.member.verifed.aromasdosul.com/54855458214/,bad
paypal.com.us.cgi.bin.webscr.cmd.login.member.verifed.aromasdosul.com/54855458214/3853fdefe8082d6d73...,bad
passivemobilemoneymachine.com/Paypal_Virefication/796c8b705a7a52b05d512539f12dbd41/webscr.php?cmd=_l...,bad
passivemobilemoneymachine.com/Paypal_Virefication/01f9b721a84d45bbaf6740a69b03ad15/webscr.php?cmd=_l...,bad
passivemobilemoneymachine.com/Paypal_Virefication/8f66149e87ebbb565d628f976fe09efa/webscr.php?cmd=_l...,bad
endahwidowati.com/account/index.php,bad
www.proves-winged.tk/login.asp?,bad
positype.com/about/aol/update.php,bad
www.saintjohnlutheran.org/remax/index.htm,bad
gwj194.internetdsl.tpnet.pl:84/eBayISAPI.dll.htm?co_partnerId=2&siteid=0&UsingSSL=1,bad
metalica.cl/comunidad/media/system/js/.eZa-yIPIllnInruhttp.www.eaY.c0m/,bad
paupals.com.cgi.bin.webscr.cmd.login.submit.dispatch.5885d80a13c0db1f8e263663d3faee8.d0288a7fd2903af...,bad
paupals.com.cgi.bin.webscr.cmd.login.submit.dispatch.5885d80a13c0db1f8e263663d3faee8.d0288a7fd2903af...,bad
passivemobilemoneymachine.com/Paypal_Virefication/01f9b721a84d45bbaf6740a69b03ad15/webscr.php?cmd=_l...,bad
passivemobilemoneymachine.com/Paypal_Virefication/796c8b705a7a52b05d512539f12dbd41/webscr.php?cmd=_l...,bad
bosungcanada.com/bbs/table/board_0/upload/co-operativeinvestments.co.uk.htm,bad
hotelkutno.blo.pl/out.php?url=www.free.items.blo.pl&amp;alias_id=33567714,bad
wedontpaintmurals.com/paypal-confirm/,bad
hotelkutno.blo.pl/out.php?url=www.free-itemki.blo.pl&amp;alias_id=33567717,bad
zzzinn.com/www.paypal.co.il/israel/06282818e091d0d3faee8d9384d85353843faee8d9384d85353843ae3ae091d0d...,bad
www.remembermargo.com/rm/redirection-cielo.html.htm,bad
www.battled3.tk/login.asp?ref=us.battle.net/account/management2Findex.xml&amp;app=bam,bad
www.wfuniforms.com/images/left/index.htm,bad
seguridadceco.com/xmlrpc/ssl/Gx55AA011055_ssh/Gx55AA011055_ssh/n=1057923584&amp;fid=5c8a45349a8427f9...,bad
qualitycleaningatlanta.com/wp-includes/js/crop/index/index/index/index/index/index/gon.php,bad
diagsv7.com/html/dp1207-xforex.htm,bad
passivemobilemoneymachine.com/Paypal_Virefication/01f9b721a84d45bbaf6740a69b03ad15/,bad
passivemobilemoneymachine.com/Paypal_Virefication/,bad
passivemobilemoneymachine.com/,bad
www.paypal.com.wpjsvx0ljnxvxd5pnczgk3olpztff9uzs7egwrv1gcepixsc355ujwinqirag9.adityacalibrationservi...,bad
paupals.com.cgi.bin.webscr.cmd.login.submit.dispatch.5885d80a13c0db1f8e263663d3faee8.d0288a7fd2903af...,bad
paupals.com.cgi.bin.webscr.cmd.login.submit.dispatch.5885d80a13c0db1f8e263663d3faee8.d0288a7fd2903af...,bad
passivemobilemoneymachine.com/Paypal_Virefication/17cedd085cca8ef8f2cb936474cc03b7/webscr.php?cmd=_l...,bad
paupals.com.cgi.bin.webscr.cmd.login.submit.dispatch.5885d80a13c0db1f8e263663d3faee8.d0288a7fd2903af...,bad
hassanalsheikh.com/wp-content/plugins/cforms/Paypal.Us/,bad
www.remax-offer.com/login/,bad
